{
	"@odata.context": "https://services.odata.org/TripPinRESTierService/(S(id))/$metadata#People(Age,FirstName,LastName,UserName)",
	"value": [
		{
			"Age": 23,
			"FirstName": "Angel",
			"LastName": "Huffman",
			"UserName": "angelhuffman"
		},
		{
			"Age": 44,
			"FirstName": "Clyde",
			"LastName": "Guess",
			"UserName": "clydeguess"
		},
		{
			"Age": 19,
			"FirstName": "Elaine",
			"LastName": "Stewart",
			"UserName": "elainestewart"
		},
		{
			"Age": 37,
			"FirstName": "Genevieve",
			"LastName": "Reeves",
			"UserName": "genevievereeves"
		},
		{
			"Age": 25,
			"FirstName": "Georgina",
			"LastName": "Barlow",
			"UserName": "georginabarlow"
		},
		{
			"Age": 19,
			"FirstName": "Javier",
			"LastName": "Alfred",
			"UserName": "javieralfred"
		},
		{
			"Age": 26,
			"FirstName": "Joni",
			"LastName": "Rosales",
			"UserName": "jonirosales"
		},
		{
			"Age": 41,
			"FirstName": "Keith",
			"LastName": "Pinckney",
			"UserName": "keithpinckney"
		},
		{
			"Age": 30,
			"FirstName": "Krista",
			"LastName": "Kemp",
			"UserName": "kristakemp"
		},
		{
			"Age": 29,
			"FirstName": "Laurel",
			"LastName": "Osborn",
			"UserName": "laurelosborn"
		},
		{
			"Age": 53,
			"FirstName": "Marshall",
			"LastName": "Garay",
			"UserName": "marshallgaray"
		},
		{
			"Age": 66,
			"FirstName": "Ronald",
			"LastName": "Mundy",
			"UserName": "ronaldmundy"
		},
		{
			"Age": 51,
			"FirstName": "Russell",
			"LastName": "Whyte",
			"UserName": "russellwhyte"
		},
		{
			"Age": 57,
			"FirstName": "Ryan",
			"LastName": "Theriault",
			"UserName": "ryantheriault"
		},
		{
			"Age": 34,
			"FirstName": "Sallie",
			"LastName": "Sampson",
			"UserName": "salliesampson"
		},
		{
			"Age": 18,
			"FirstName": "Sandy",
			"LastName": "Osborn",
			"UserName": "sandyosborn"
		},
		{
			"Age": 24,
			"FirstName": "Scott",
			"LastName": "Ketchum",
			"UserName": "scottketchum"
		},
		{
			"Age": 31,
			"FirstName": "Ursula",
			"LastName": "Bright",
			"UserName": "ursulabright"
		},
		{
			"Age": 40,
			"FirstName": "Vincent",
			"LastName": "Calabrese",
			"UserName": "vincentcalabrese"
		},
		{
			"Age": 45,
			"FirstName": "Willie",
			"LastName": "Ashmore",
			"UserName": "willieashmore"
		}
	]
}
